{
  "keywords|Los Tigres del Norte|migracion": {
    "years": [
      1974,
      1975,
      1976,
      1977,
      1978,
      1979,
      1980,
      1981,
      1982,
      1983,
      1984,
      1985,
      1986,
      1987,
      1988,
      1989,
      1990,
      1991,
      1992,
      1993,
      1994,
      1995,
      1996,
      1997,
      1998,
      1999,
      2000,
      2001,
      2002,
      2003,
      2004,
      2005,
      2006,
      2007,
      2008,
      2009,
      2010,
      2011,
      2012,
      2013,
      2014,
      2015,
      2016,
      2017,
      2018,
      2019,
      2020,
      2021,
      2022,
      2023,
      2024,
      2025
    ],
    "values": [
      0.0,
      7.8534,
      0.0,
      0.0,
      0.0,
      0.0,
      0.0,
      8.42695,
      0.0,
      16.884366666666665,
      0.0,
      0.0,
      15.8371,
      0.0,
      29.61705,
      4.38595,
      0.0,
      0.7434999999999999,
      0.0,
      1.1062,
      1.6842833333333331,
      4.587166666666667,
      0.0,
      15.169725,
      0.0,
      4.4182,
      17.28718,
      5.9524,
      5.7915,
      0.0,
      15.93625,
      3.12318,
      4.2463,
      0.0,
      0.0,
      4.9261,
      31.25,
      0.0,
      0.0,
      0.0,
      16.9609,
      0.0,
      0.0,
      0.0,
      0.0,
      11.816214814814815,
      5.0049866666666665,
      0.0,
      11.6009,
      0.0,
      1.0787333333333333,
      4.6729
    ]
  },
  "keywords|Los Tigres del Norte|narco": {
    "years": [
      1974,
      1975,
      1976,
      1977,
      1978,
      1979,
      1980,
      1981,
      1982,
      1983,
      1984,
      1985,
      1986,
      1987,
      1988,
      1989,
      1990,
      1991,
      1992,
      1993,
      1994,
      1995,
      1996,
      1997,
      1998,
      1999,
      2000,
      2001,
      2002,
      2003,
      2004,
      2005,
      2006,
      2007,
      2008,
      2009,
      2010,
      2011,
      2012,
      2013,
      2014,
      2015,
      2016,
      2017,
      2018,
      2019,
      2020,
      2021,
      2022,
      2023,
      2024,
      2025
    ],
    "values": [
      0.0,
      2.6178,
      4.9751,
      0.0,
      0.0,
      0.0,
      0.0,
      12.068249999999999,
      0.0,
      1.4947666666666668,
      0.0,
      0.0,
      0.0,
      0.0,
      0.0,
      0.0,
      0.0,
      0.0,
      0.0,
      7.15435,
      5.752949999999999,
      7.645266666666667,
      0.0,
      5.082375,
      0.0,
      3.0500166666666666,
      9.71036,
      0.0,
      22.56325,
      0.0,
      0.0,
      5.83632,
      8.451933333333333,
      0.0,
      0.0,
      0.0,
      0.0,
      0.0,
      0.0,
      0.0,
      1.3020666666666667,
      0.0,
      4.73935,
      0.0,
      0.0,
      6.350611111111111,
      1.4503933333333334,
      0.0,
      4.6404,
      1.8315,
      5.3937333333333335,
      2.33645
    ]
  },
  "keywords|Los Tigres del Norte|politica_mx": {
    "years": [
      1974,
      1975,
      1976,
      1977,
      1978,
      1979,
      1980,
      1981,
      1982,
      1983,
      1984,
      1985,
      1986,
      1987,
      1988,
      1989,
      1990,
      1991,
      1992,
      1993,
      1994,
      1995,
      1996,
      1997,
      1998,
      1999,
      2000,
      2001,
      2002,
      2003,
      2004,
      2005,
      2006,
      2007,
      2008,
      2009,
      2010,
      2011,
      2012,
      2013,
      2014,
      2015,
      2016,
      2017,
      2018,
      2019,
      2020,
      2021,
      2022,
      2023,
      2024,
      2025
    ],
    "values": [
      0.0,
      0.0,
      0.0,
      0.0,
      0.0,
      0.0,
      0.0,
      0.0,
      0.0,
      0.0,
      0.0,
      0.0,
      0.0,
      0.0,
      0.0,
      0.0,
      0.0,
      0.9302400000000001,
      0.0,
      2.2124,
      0.0,
      0.0,
      0.0,
      0.0,
      0.0,
      0.0,
      0.0,
      0.0,
      0.0,
      0.0,
      0.0,
      0.0,
      0.0,
      4.7619,
      0.0,
      0.0,
      0.0,
      0.0,
      0.0,
      0.0,
      0.0,
      0.0,
      0.0,
      0.0,
      0.0,
      0.5216481481481482,
      0.3876,
      0.0,
      0.0,
      3.6765,
      3.2362333333333333,
      0.0
    ]
  },
  "keywords|Los Tigres del Norte|politica_us": {
    "years": [
      1974,
      1975,
      1976,
      1977,
      1978,
      1979,
      1980,
      1981,
      1982,
      1983,
      1984,
      1985,
      1986,
      1987,
      1988,
      1989,
      1990,
      1991,
      1992,
      1993,
      1994,
      1995,
      1996,
      1997,
      1998,
      1999,
      2000,
      2001,
      2002,
      2003,
      2004,
      2005,
      2006,
      2007,
      2008,
      2009,
      2010,
      2011,
      2012,
      2013,
      2014,
      2015,
      2016,
      2017,
      2018,
      2019,
      2020,
      2021,
      2022,
      2023,
      2024,
      2025
    ],
    "values": [
      0.0,
      0.0,
      0.0,
      0.0,
      0.0,
      0.0,
      0.0,
      0.0,
      0.0,
      0.0,
      0.0,
      0.0,
      0.0,
      0.0,
      0.0,
      0.0,
      0.0,
      0.0,
      0.0,
      0.0,
      0.0,
      0.0,
      0.0,
      0.0,
      0.0,
      0.0,
      0.0,
      0.0,
      0.0,
      0.0,
      0.0,
      0.0,
      0.0,
      0.0,
      0.0,
      0.0,
      0.0,
      0.0,
      0.0,
      0.0,
      0.0,
      0.0,
      0.0,
      0.0,
      0.0,
      0.0,
      0.0,
      0.0,
      0.0,
      0.0,
      0.0,
      0.0
    ]
  },
  "keywords|Los Tucanes de Tijuana|migracion": {
    "years": [
      1974,
      1975,
      1976,
      1977,
      1978,
      1979,
      1980,
      1981,
      1982,
      1983,
      1984,
      1985,
      1986,
      1987,
      1988,
      1989,
      1990,
      1991,
      1992,
      1993,
      1994,
      1995,
      1996,
      1997,
      1998,
      1999,
      2000,
      2001,
      2002,
      2003,
      2004,
      2005,
      2006,
      2007,
      2008,
      2009,
      2010,
      2011,
      2012,
      2013,
      2014,
      2015,
      2016,
      2017,
      2018,
      2019,
      2020,
      2021,
      2022,
      2023,
      2024,
      2025
    ],
    "values": [
      0.0,
      0.0,
      0.0,
      0.0,
      0.0,
      0.0,
      0.0,
      0.0,
      0.0,
      0.0,
      0.0,
      0.0,
      0.0,
      0.0,
      0.0,
      0.0,
      0.0,
      0.0,
      0.0,
      16.8539,
      0.0,
      4.091188888888889,
      0.0,
      0.0,
      2.27275,
      0.0,
      3.5612666666666666,
      0.0,
      0.0,
      0.0,
      0.0,
      0.0,
      0.0,
      0.0,
      0.0,
      0.0,
      0.0,
      0.0,
      0.0,
      0.0,
      0.0,
      4.949199999999999,
      2.33645,
      5.5866,
      4.9751,
      0.0,
      6.7695,
      3.9841,
      3.64965,
      7.823925,
      5.15345,
      0.0
    ]
  },
  "keywords|Los Tucanes de Tijuana|narco": {
    "years": [
      1974,
      1975,
      1976,
      1977,
      1978,
      1979,
      1980,
      1981,
      1982,
      1983,
      1984,
      1985,
      1986,
      1987,
      1988,
      1989,
      1990,
      1991,
      1992,
      1993,
      1994,
      1995,
      1996,
      1997,
      1998,
      1999,
      2000,
      2001,
      2002,
      2003,
      2004,
      2005,
      2006,
      2007,
      2008,
      2009,
      2010,
      2011,
      2012,
      2013,
      2014,
      2015,
      2016,
      2017,
      2018,
      2019,
      2020,
      2021,
      2022,
      2023,
      2024,
      2025
    ],